,en,pt,es,fr,de,it
WELCOME,WELCOME,BEM VINDO,BIENVENIDO,BIENVENUE,WILLKOMMEN,BENVENUTO
TRAINING,TRAINING,TREINO,FORMACIÓN,ENTRAÎN.,AUSBILD.,TIROCINIO
RESCUE,RESCUE,RESGATE,RESCATE,SAUVETAGE,RETTUNG,SALVATAGGIO
EXERCISE,EXERCISE,EXERCÍCIO,EXERCICIO,EXERCICE,ÜBUNG,ESERCIZIO
FREE FLIGHT,FREE FLIGHT,VÔO LIVRE,VUELO LIBRE,VOL LIBRE,FREIFLUG,VOLO LIBERO
SHIP CONTROL,SHIP CONTROL,PILOTAGEM,DIRECCION,DIRECTION,STEUER,STERZO
START GAME,START GAME,COMEÇAR JOGO,EMPEZAR JUEGO,DÉMARRER JEU,SPIEL BEGINNEN,INIZIA IL GIOCO
ACHIEVEMENTS,ACHIEVEMENTS,REALIZAÇÕES,LOGROS,RÉALISATIONS,ERFOLGE,REALIZZAZIONI
PLAYER STATS,PLAYER STATS,ESTATÍSTICAS,ESTADÍSTICA,STATISTIQUES,STATISTIKEN,STATISTICHE
SETTINGS,SETTINGS,AJUSTES,AJUSTES,PARAMÈTRES,EINST.,IMPOST.
RESUME,RESUME,CONTINUAR,CONTINUAR,CONTINUER,WEITERMACHEN,CONTINUARE
MAIN MENU,MAIN MENU,MENU,MENÚ,MENU,HAUPTMENÜ,MENU
EXIT,EXIT,SAIR,SALIDA,SORTIE,AUSFAHRT,USCITA
CREDITS,CREDITS,CRÉDITOS,CRÉDITOS,CRÉDITS,KREDITE,CREDITI
ABOUT,ABOUT,SOBRE,SOBRE,À PROPOS,ÜBER,INFORMAZIONI
FAST GUIDE,FAST GUIDE,GUIA RÁPIDO,GUÍA RÁPIDA,GUIDE RAPIDE,SCHNELLSTE FÜHRER,GUIDA VELOCE
RETURN,RETURN,VOLTAR,REGRESO,RETOUR,RÜCKKEHR,RITORNO
CONTINUE,CONTINUE,AVANÇAR,CONTINUAR,CONTINUER,FORTSETZEN,PROSEGUIRE
PLAY AGAIN,PLAY AGAIN,JOGAR DE NOVO,JUEGA DE NUEVO,REJOUER,SPIEL NOCHMAL,GIOCA ANCORA
MISSION STATS,MISSION DATA,DADOS DA MISSÃO,DATOS DE LA MISIÓN,DONNÉES DE MISSION,MISSIONSDATEN,DATI MISSIONE
CLOSE,CLOSE,FECHAR,CERCA,FERMER,SCHLIESSEN,VICINO
SKIP,SKIP,PULAR,OMITIR,SAUTER,ÜBERSPRINGEN,SALTA
BACK,BACK,VOLTAR,VOLVER,RETOUR,ZURÜCK,TORNA
ERASE DATA,ERASE PLAYER DATA,APAGAR DADOS,BORRAR DATOS,DATI CANCELLA,LÖSCHEN VON DATEN,EFFACE LES DONNÉES
PRESS AGAIN,PRESS AGAIN,PRESSIONE NOVAM.,PRESSIONE DE NUEVO,APPUYEZ DE NOUVEAU,DRÜCKEN SIE WIEDER,PREMERE DI NUOVO
DATA ERASED,DATA ERASED,DADOS APAGADOS,DATOS BORRADOS,DONNÉES EFFACE,DATEN GELÖSCHT,DATI CANCELLATI
TOTAL MISSIONS PLAYED:,MISSIONS PLAYED:,MISSÕES JOGADAS:,MISIONES JUGADAS:,MISSIONS JOUÉ:,MISSIONS GESPIELT:,TOTALE MISSIONI:
ACCUMULATED POINTS: ,ACCUMULATED POINTS: ,PONTOS ACUMULADOS:,PUNTOS ACUMULADOS:,LES POINTS ACCUMULÉS:,GESAMMELTE PUNKTE:,PUNTI ACCUMULATI:
POINTS PER MISSION:,POINTS PER MISSION:,PONTOS POR MISSÃO:,PUNTOS POR MISIÓN:,POINTS PAR MISSION:,PUNKTE PRO MISSION:,PUNTI PER MISSIONE:
TOTAL HUMAN LOSSES:,HUMAN LOSSES:,PERDAS HUMANAS:,PÉRDIDAS HUMANAS:,PERTES HUMAINES:,HUMAN VERLUSTE:,UMANE PERDITE:
TOTAL FUEL CONSUMED:,FUEL CONSUMED:,COMBUSTÍVEL CONSUMIDO:,COMBUSTIBLE CONSUMIDO:,CONSOMMATION DE CARBURANT:,TOTAL KRAFTSTOFFVERBRAUCH:,CARBURANTE CONSUMATA:
ACHIEVEMENTS PERFORMED:,ACHIEVEMENTS PERFORMED:,REALIZAÇÕES FEITAS:,LOGROS HA REALIZADO:,REALISATIONS EFFECTUEES:,ERFOLGE PERFORMED:,CONQUISTE ESEGUITI:
PERFORMED,PERFORMED,REALIZADO,REALIZADO,EXÉCUTÉ,AUSGEFÜHRT,ESEGUITA
NOT PERFORMED,NOT PERFORMED,NÃO REALIZADO,NO REALIZADO,PAS EFFECTUÉ,NOCH NICHT,NON ESEGUITA
AGAIN_CONFIRM,PRESS AGAIN TO CONFIRM,PRESSIONE NOVAMENTE PARA CONFIRMAR,PRENSA NUEVO PARA CONFIRMAR,COMMUNIQUE DE NOUVEAU POUR CONFIRMER,"ENEUT DRÜCKEN, UM BESTÄTIGEN",PREMERE NUOVAMENTE PER CONFERMARE
CANCELLED,CANCELLED,CANCELADO,CANCELADO,ANNULÉ,ABGEBROCHEN,ANNULLATO
DONE,MISSION FINISHED,MISSÃO CUMPRIDA,MISIÓN CUMPLIDA,MISSION ACCOMPLIE,MISSION ERFÜLLT,MISSIONE COMPIUTA
PEOPLE SAVED: ,LIVES SAVED: ,VIDAS SALVAS: ,VIDAS SALVADAS: ,VIDES SAUVÉES: ,LEBEN GESPROCHEN: ,VITE SALVATE: 
OPERATION TIME: ,OPERATION TIME: ,TEMPO DE OPERAÇÃO: ,TIEMPO DE OPERACION:,TEMPS DE FONCTIONNEMENT: ,BETRIEBSZEIT: ,TEMPO DI FUNZIONAMENTO: 
SVOL,SOUND VOLUME,VOLUME DO SOM,VOLUMEN DE SONIDO,VOLUME SONORE,LAUTSTÄRKE,VOLUME DEL SUONO
MVOL,MUSIC VOLUME,VOLUME DA MÚSICA,VOLUMEN DE LA MÚSICA,VOLUME DE LA MUSIQUE,MUSIKLAUTSTÄRKE,VOLUME MUSICA
DIF,DIFFICULTY,DIFICULDADE,DIFICULTAD,DIFFICULTÉ,SCHWIERIGKEIT,DIFFICOLTÀ
IDIOM,LANGUAGE,IDIOMA,IDIOMA,IDIOME,IDIOM,IDIOMA
SAVE,SAVE CHANGES,SALVAR MUDANÇAS,GUARDAR CAMBIOS,SAUVEGARDER LES MODIFICATIONS,ÄNDERUNGEN SPEICHERN,SALVA I CAMBIAMENTI
SAVED,CHANGES SAVED,MUDANÇAS SALVAS,CAMBIOS GUARDADOS,CHANGEMENTS SAUVEGARDÉS,ÄNDERUNGEN GESPEICHERT,MODIFICHE SALVATE
EASY,EASY,FÁCIL,FÁCIL,FACILE,EINFACH,FACILE
NORMAL,NORMAL,NORMAL,NORMAL,ORDINAIRE,NORMAL,NORMALE
HARD,HARD,DIFÍCIL,DIFÍCIL,DIFFICILE,HART,DIFFICILE
DEAD_TRAINING,YOUR OXYGEN IS OVER. YOUR TEAM IS DEAD. YOU WILL BE NOW REDIRECTED TO THE MAIN MENU.,SEU OXIGÊNIO ACABOU. O TIME ESTÁ MORTO. VOCÊ SERÁ AGORA LEVADO AO MENU PRINCIPAL.,EL OXÍGENO HA TERMINADO. SU EQUIPO HA MUERTO. USTED AHORA SERÁ REDIRIGIDO A EL MENÚ PRINCIPAL.,VOTRE OXYGÈNE EST TERMINÉE. VOTRE ÉQUIPE EST MORT. VOUS SEREZ MAINTENANT REDIRIGÉE AU MENU PRINCIPAL.,IHRE SAUERSTOFF IST VORBEI. IHR TEAM IST TOT. SIE WERDEN IN DIE HAUPTMENÜ UMGELEITET.,IL TUO OSSIGENO È FINITA. LA TUA SQUADRA È MORTO. SARETE LA SOCIETÀ REINDIRIZZATI IL MENU PRINCIPALE.
EASY GAME,EASY GAME,JOGO FÁCIL,JUEGO FÁCIL,JEU FACILE,EINFACHES SPIEL,GIOCO FACILE
HARD GAME,HARD GAME,JOGO DIFÍCIL,JUEGO DIFÍCIL,JEU DIFFICILE,HARTES SPIEL,GIOCO DURO
TEAM LOSS,TEAM LOSS,PERDA DO TIME,PÉRDIDA DE EQUIPO,PERTE D'ÉQUIPE,TEAM VERLUST,TEAM PERDITA
DEAD,DEAD,MORTOS,MUERTOS,MORT,TOT,DEFUNTO
FAILED,FAILED,FALHOU,HA FALLADO,ÉCHOUÉ,GESCHEITERT,FALLITO
BONUS,BONUS,BÔNUS,PRIMA,PRIME,BONUS,BONUS
mission,mission,missão,misión,mission,mission,missione
SCORE,SCORE,PONTUAÇÃO,PUNTUACIÓN,BUT,ERGEBNIS,PUNTOS
ach_lts,LONG TERM SERVICE,SERVIÇO DE LONGO PRAZO,SERVICIO A LARGO PLAZO,SERVICE À LONG TERME,LANGFRISTIGER SERVICE,PILOTA CERTIFICATO
ach_lts_desc,Complete 100 missions and beat 1500 points per mission in average,Complete 100 missões e obtenha média de ao menos 1500 pontos por missão,Completar 100 misiones y batir 1500 puntos por misión en promedio,Terminer 100 missions et battre 1500 points par mission en moyenne,Vollständige 100 Missionen und schlagen Sie 1500 Punkte pro Mission im Durchschnitt,Completa 100 missioni e battere 1500 punti per missione in media
ach_exp,EXPRESS RESCUE,RESGATE EXPRESSO,RESCATE EXPRESO,SAUVETAGE EXPRÈS,EXPRESS-RETTUNG,SALVATAGGIO ESPRESSO
ach_exp_desc,Complete a mission in 90 seconds or less.,Complete a missão em 90 segundos ou menos.,Completa una misión en 90 segundos o menos.,Terminez une mission en 90 secondes ou moins.,Beende eine Mission in 90 Sekunden oder weniger.,Completate una missione in o meno 90 secondi.
ach_audax,AUDAX AT FIDELITAS,AUDAX AT FIDELITAS,AUDAX AT FIDELITAS,AUDAX AT FIDELITAS,AUDAX AT FIDELITAS,AUDAX AT FIDELITAS
ach_audax_desc,Push an escape pod directly into the hospital station's rescue region.,Empurre uma cápsula de fuga diretamente para a região de resgate da estação médica.,Empuje una cápsula de escape directamente a la zona de rescate de la estación de hospital.,Poussez un module d'échappement directement dans la zone de sauvetage de la station de l'hôpital.,Drücken Sie eine Escape-Pod direkt in die Klinik Station Rettungs-Region.,Spingere una capsula di salvataggio direttamente nella regione di salvataggio della stazione dell'ospedale.
ach_hero,HERO,HERÓI,HÉROE,HÉROS,HELD,EROE
ach_hero_desc,Rescue 500 People,Resgate 500 pessoas,Rescate 500 personas,Sauvetage 500 personnes,Rettung 500 Menschen,Rescue 500 persone
ach_opt,OPTIMIZED MISSION,MISSÃO OTIMIZADA,MISIÓN OPTIMIZADA,MISSION OPTIMISÉE,OPTIMIERTE MISSION,MISSIONE OPTIMIZED
ach_opt_desc,Complete a mission with less than 2000 fuel consumption,Complete uma missão com menos de 2000 em consumo de combustível,Completa una misión con menos de 2000 consumos de combustible,Terminer une mission avec moins de 2000 consommations,Führen Sie eine Mission mit weniger als 2000 Kraftstoffverbrauch,Completate una missione con un consumo di carburante inferiore a 2000
ach_brv,BRAVERY MEDAL,MEDALHA DE BRAVURA,MEDALLA DE VALENTÍA,MÉDAILLE BRAVERY,BRAVERY MEDAILLE,CORAGGIO MEDAGLIA
ach_brv_desc,Complete a mission in hard mode with no human losses in the mission,Complete uma missão em modo difícil sem perdas humanas na missão,Completa una misión en modo duro sin pérdidas humanas en la misión,Terminer une mission en mode difficile sans pertes humaines dans la mission,Beende eine Mission im harten Modus ohne menschliche Verluste in der Mission,"Completate una missione in modalità difficile, senza perdite umane nella missione"
ach_ast,ASTUCIOUS,ASTUTO,ASTUTO,ASTUCIEUX,STARK,INTELIGENTE
ach_ast_desc,Rescue more than 8 lives in a single travel.,Resgate mais de 8 vidas em uma única viagem.,Rescatar a más de 8 vidas en un solo viaje.,Sauvez plus de 8 vies en un seul voyage.,Rescue mehr als 8 Leben in einer einzigen Reise.,Salvare più di 8 vite in un unico viaggio.
ach_eli,ELITE PILOT,PILOTO DE ELITE,PILOTO DE ÉLITE,PILOTE D'ÉLITE,ELITE-PILOTEN,ELITE PILOTA
ach_eli_desc,Perform all the other achievements,Realize todas as outras conquistas,Realizar todos los otros logros,Effectuer toutes les autres réalisations,Führen Sie alle anderen Leistungen,Eseguire tutti gli altri risultati
tr10,"WELCOME TO THE SPACE RESCUE TEAM. THIS IS THE ""SHIP CONTROL"" TRAINING.","BEM-VINDO À EQUIPE DE RESGATE ESPACIAL. ESTE É O TREINAMENTO \ ""CONTROLE DE NAVE "" .","BIENVENIDOS AL EQUIPO DE RESCATE ESPACIAL. ESTE ES EL ""CONTROL DE BUQUES "" ENTRENAMIENTO.","BIENVENUE À L'ÉQUIPE DE SAUVETAGE SPATIAL. CECI EST LE ""CONTRÔLE DE NAVIRE"" FORMATION.","WILLKOMMEN IM RAUM RETTUNGSTEAM. DIES IST DAS ""SHIP CONTROL"" -TRAINING.","BENVENUTI AL SPAZIO SQUADRA DI SOCCORSO. QUESTO E 'IL \ FORMAZIONE ""CONTROLLA NAVE ""."
tr11,YOU WILL LEARN HOW TO CONTROLL THE STANDARD RESCUE SHIP. THIS IS YOUR SHIP.,VOCÊ APRENDERÁ COMO CONTROLAR A NAVE DE SALVAMENTO PADRÃO. ESTA É SUA NAVE.,USTED APRENDERÁ CÓMO CONTROLAR LA NAVE DE RESCATE ESTÁNDAR. ESTE ES SU BARCO.,VOUS APPRENDREZ COMMENT CONTRÔLER LE NAVIRE DE SAUVETAGE STANDARD. C'EST VOTRE NAVIRE.,SIE WERDEN MIT DEM STANDARD RESCUE SHIP KONTROLLIEREN. DIES IST IHR SCHIFF.,IMPARERAI PER CONTROLLARE LE NAVE DI SALVATAGGIO STANDARD. QUESTO È IL TUO NAVE.
tr12,"THE PANEL BELOW SHOWS YOUR LEVELS OF OXYGEN AND FUEL. ALSO SHOW YOUR LINEAR SPEED (""L""), ANGULAR SPEED (""A"") AND THE NUMBER OF HUMANS ON BOARD - INCLUDING YOU AND YOUR ASSISTANT.","O PAINEL ABAIXO MOSTRA SEUS NÍVEIS DE OXÍGENO E COMBUSTÍVEL. TAMBÉM MOSTRA SUA VELOCIDADE LINEAR (\ ""L ""), VELOCIDADE ANGULAR (\ ""A "") E O NÚMERO DE HUMANOS A BORDO - INCLUINDO VOCÊ E SEU ASSISTENTE.","EL PANEL DEBAJO MUESTRA SUS NIVELES DE OXÍGENO Y COMBUSTIBLE. DEMUESTRA TAMBIÉN SU VELOCIDAD LINEAL (\ ""L ""), VELOCIDAD ANGULAR (\ ""A "") Y EL NÚMERO DE HUMANOS A BORDO - INCLUYENDO USTED Y SU ASISTENTE.","LE PANEL CI-DESSOUS MONTRE VOS NIVEAUX D'OXYGÈNE ET DE CARBURANT. AFFICHER VOTRE VITESSE LINEAIRE (\ ""L ""), LA VITESSE ANGULAIRE (\ ""A "") ET LE NOMBRE D'HUMAINS A BORD - Y COMPRIS VOTRE ASSISTANT.","DAS PANEL BELOW ZEIGT IHRE STUFEN VON OXYGEN UND BRENNSTOFF. AUCH ZEIGEN SIE IHRE LINEARE GESCHWINDIGKEIT (""L""), WINKELGESCHWINDIGKEIT (""A"") UND DIE ANZAHL DER MENSCHEN AN BORD - EINSCHLIESSLICH IHNEN UND IHREM ASSISTENTEN.","IL PANNELLO MOSTRA SOTTO IL LIVELLO DI OSSIGENO E CARBURANTE. ANCHE LA VOSTRA VELOCITÀ LINEARE (\ ""L ""), VELOCITÀ ANGOLARE (\ ""A "") E IL NUMERO DI ESSERI UMANI A BORDO - COMPRESO TE E TUO ASSISTENTE."
tr13,"THE MORE PEOPLE ON BOARD, THE FASTER THE OXYGEN LEVEL DROPS.","QUANTO MAIS PESSOAS A BORDO, MAIS RÁPIDO O NÍVEL DE OXIGÊNIO CAI.","CUANTO MÁS GENTE A BORDO, MÁS RÁPIDO EL NIVEL DE OXÍGENO CAE.","LE PLUS DE PERSONNES A BORD, PLUS RAPIDEMENT LE NIVEAU DE L'OXYGÈNE CAUSE.","DIE MEHR LEUTE AN BORD, DAS SCHNELLER DAS OXYGEN LEVEL DROPS.","PIÙ PERSONE A BORDO, IL PIÙ VELOCE IL LIVELLO DI OSSIGENO SCENDE."
tr14,"USE YOUR KEYBOARD TO ACTIVATE THE ENGINES AND PUT THE SHIP IN MOVEMENT. USE ""A"", ""D"", ""S"" AND ""W"" TO MOVE THE SHIP WITHOUT TURNING IT AROUND. TRY IT FOR A MOMENT.","USE SEU TECLADO PARA ATIVAR OS MOTORES E COLOCAR A NAVE EM MOVIMENTO. USE \ ""A "", \ ""D "", \ ""S "" E \ ""W "" PARA MOVER A NAVE SEM GIRÁ-LA. TENTE POR UM MOMENTO.","UTILICE SU TECLADO PARA ACTIVAR LOS MOTORES Y PONER EL BUQUE EN MOVIMIENTO. USE \ ""A "", \ ""D "", \ ""S "" Y \ ""W "" PARA MOVER LA NAVE SIN GIRARLA ALREDEDOR. PRUEBA POR UN MOMENTO.","UTILISEZ VOTRE CLAVIER POUR ACTIVER LES MOTEURS ET METTRE LE NAVIRE EN MOUVEMENT. UTILISER \ ""A "", \ ""D "", \ ""S "" ET \ ""W "" POUR DÉPLACER LE NAVIRE SANS LE FAIRE TOURNER. ESSAYEZ-LE POUR UN MOMENT.","VERWENDEN SIE IHRE TASTATUR, DIE MOTOREN ZU AKTIVIEREN UND DEN SCHIFF IN DER BEWEGUNG EINZUSETZEN. US ""A"", ""D"", ""S"" UND ""W"" ZUM BEWEGEN DES SCHIFFS OHNE DREHEN. VERSUCHEN SIE ES FÜR EINEN MOMENT.","UTILIZZARE LA TASTIERA PER ATTIVARE LE MOTORI E METTERE IL NAVE IN MOVIMENTO. USO \ ""A "", \ ""D "", \ ""S "" E \ ""W "" PER MUOVERE LA NAVE SENZA GIRARE INTORNO. PROVALO PER UN MOMENTO."
tr15,"AS YOU MAY HAVE NOTICED, THE MAIN PROPULSORS ARE TWICE AS POWERFUL AS THE OTHERS. THAT'S WHY TURNING YOUR SHIP AROUND TO USE THEM IN THE RIGHT DIRECION IS USEFUL. USE THE KEYS ""Q"" AND ""E"" TO TURN YOUR SHIP AROUND WITHOUT CHANGING THE TRAJECTORY. TRY IT FOR A MOMENT.","COMO VOCÊ PODE TER PERCEBIDO, OS PRINCIPAIS PROPULSORES SÃO DUAS VEZES MAIS PODEROSOS QUE OS OUTROS. POR ISSO, GIRAR SUA NAVE PARA DE USÁ-LOS NA DIREÇÃO CORRETA É ÚTIL. USE AS TECLAS \ ""Q "" E \ ""E "" PARA GIRAR O SUA NAVE SEM MUDAR A TRAJETÓRIA. TENTE POR UM MOMENTO.","COMO USTED PUEDE HABER NOTADO, LOS PROPULSORES PRINCIPALES SON DOS VECES PODEROSOS COMO LOS OTROS. ES PORQUÉ HACER USAR SU ENVÍO PARA UTILIZARLO EN LA DIRECCIÓN DERECHA. UTILICE LAS LLAVES \ ""Q "" Y \ ""E "" PARA HACER SU NAVE ALREDEDOR SIN CAMBIAR LA TRAYECTORIA. PRUEBA POR UN MOMENTO.","COMME VOUS POUVEZ L'AVOIR AVISÉ, LES PRINCIPAUX PROPULSATEURS SONT À DEUX FOIS PUISSANTS QUE LES AUTRES. C'EST POURQUOI DE FAIRE TOURNER VOTRE NAVIRE POUR LES UTILISER DANS LA DIRECION DROITE EST UTILE. UTILISEZ LES TOUCHES \ ""Q "" ET \ ""E "" POUR TOURNER VOTRE NAVIRE ENSEMBLE SANS CHANGER LA TRAJECTOIRE. ESSAYEZ-LE POUR UN MOMENT.","WIE SIE VIELLEICHT BEMERKT HABEN, SIND DIE HAUPTSTELLER DOPPELT SO LEISTUNGSFÄHIG WIE DIE ANDEREN. DAS IST, WARUM DEN DREHEN IHREN SCHIFF ZU BENUTZEN, DASS SIE IM RICHTIGEN DIRECION IST NÜTZLICH. BENUTZEN SIE DIE TASTEN ""Q"" UND ""E"", UM DAS SCHIFF UM DAS TRAJEKTOR ZU VERÄNDERN. VERSUCHEN SIE ES FÜR EINEN MOMENT.","COME AVRETE NOTATO, IL PROPULSORI PRINCIPALI SONO DUE VOLTE PIÙ POTENTE COME GLI ALTRI. ECCO PERCHÉ ACCENSIONE NAVE INTORNO LORO USO NELLA DESTRA DIRECION È UTILE. UTILIZZARE LE CHIAVI \ ""Q "" E \ ""E "" PER TRASFORMARE LA VOSTRA NAVE INTORNO SENZA MODIFICARNE LA TRAIETTORIA. PROVALO PER UN MOMENTO."
tr16,"YOU CAN USE THE DIRECTIONAL KEYS ""LEFT"" AND ""RIGHT"" INSTEAD OF ""Q"" AND ""E"". YOU CAN ALSO USE ""UP"" AND ""DOWN"" INSTEAD OF ""W"" AND ""S"". USE THE PAUSE BUTTON ON THE TOP OF THE SCREEN TO KNOW MORE CONTROL OPTIONS.","VOCÊ PODE USAR AS TECLAS DIRECIONAIS \ ""DIREITA "" E \ ""ESQUERDA "" EM VEZ DE \ ""Q "" E \ ""E "". VOCÊ PODE USAR TAMBÉM \ ""PARA CIMA "" E \ ""PARA BAIXO "" EM VEZ DE \ ""W "" E \ ""S "". USE O BOTÃO DE PAUSA NA PARTE SUPERIOR DA TELA PARA CONHECER MAIS OPÇÕES DE CONTROLE.","USTED PUEDE UTILIZAR LAS TECLAS DIRECCIONALES \ ""LEFT "" Y \ ""RIGHT "" EN LUGAR DE \ ""Q "" Y \ ""E "". USTED PUEDE USAR TAMBIÉN \ ""UP "" Y \ ""DOWN "" INSTEAD OF \ ""W "" Y \ ""S "". UTILICE EL BOTÓN DE PAUSA EN LA PARTE SUPERIOR DE LA PANTALLA PARA CONOCER MÁS OPCIONES DE CONTROL.","VOUS POUVEZ UTILISER LES TOUCHES DIRECTIONNELLES \ ""LEFT "" ET \ ""RIGHT "" AU LIEU DE \ ""Q "" ET \ ""E "". VOUS POUVEZ AUSSI UTILISER \ ""UP "" ET \ ""DOWN "" AU LIEU DE \ ""W "" ET \ ""S "". UTILISEZ LE BOUTON DE PAUSE SUR LE HAUT DE L'ÉCRAN POUR EN SAVOIR PLUS D'OPTIONS DE COMMANDE.","SIE KÖNNEN DIE RICHTUNGSTASTEN ""LINKS"" UND ""RECHTS"" EINSTELLEN VON ""Q"" UND ""E"" VERWENDEN. SIE KÖNNEN AUCH ""OBEN"" UND ""UNTEN"" VON ""W"" UND ""S"" VERWENDEN. BENUTZEN SIE DIE PAUSE-TASTE AUF DER OBERSEITE DES BILDSCHIRMS, UM MEHR KONTROLLOPTIONEN ZU KENNEN.","È POSSIBILE UTILIZZARE I TASTI DIREZIONALI \ ""LEFT "" E \ ""RIGHT "" INVECE DI \ ""Q "" E \ ""E "". È INOLTRE POSSIBILE UTILIZZARE \ ""SU "" E \ ""DOWN "" INVECE DI \ ""W "" E \ ""S "". UTILIZZARE IL PULSANTE PAUSA SULLA PARTE SUPERIORE DELLO SCHERMO PER CONOSCERE LE OPZIONI DI CONTROLLO PIÙ."
tr17,REMEMBER: WE ARE IN THE OUTER SPACE. THE SHIP'S MOVEMENTS WILL BE CONSERVED UNTIL RECEIVING AN INTERFERENCE.,LEMBRE-SE: ESTAMOS NO ESPAÇO SIDERAL. OS MOVIMENTOS DA NAVE SERÃO CONSERVADOS ATÉ QUE ELA RECEBA ALGUMA INTERFERÊNCIA.,RECUERDE: ESTAMOS EN EL ESPACIO EXTERIOR. LOS MOVIMIENTOS DEL BARCO SERAN CONSERVADOS HASTA QUE RECIBAN UNA INTERFERENCIA.,RAPPELEZ-VOUS: NOUS SOMMES DANS L'ESPACE EXTERIEUR. LES MOUVEMENTS DU NAVIRE SERONT CONSERVES JUSQU'A LA RECEPTION D'UNE INTERFERENCE.,REMEMBER: WIR SIND IM AUSSENBEREICH. DIE BEWEGUNGEN DES SCHIFFES WERDEN BEI DER ERHÖHUNG EINER INTERFERENZ BESITZT WERDEN.,RICORDA: SIAMO NELLO SPAZIO ESTERNO. MOVIMENTI DELLA NAVE SARANNO CONSERVATI FINO A RICEVERE UNA INTERFERENZA.
tr18,"IF YOU LOSE CONTROL, USE THE SPACE BAR TO ACTIVATE THE ""HAND BRAKE"". IT BRINGS THE SHIP TO AN ALMOST TOTAL HALT, REGARDLESS OF THE SPEED. IT IS VERY USEFUL, BUT CONSUMES A LOT OF FUEL.","SE VOCÊ PERDER O CONTROLE, USE A BARRA DE ESPAÇO PARA ATIVAR O \ ""FREIO DE MÃO "". ELE TRAZ A NAVE A UMA PARADA QUASE TOTAL, INDEPENDENTEMENTE DA VELOCIDADE. MUITO ÚTIL, MAS CONSOME MUITO COMBUSTÍVEL.","SI PIERDE CONTROL, UTILICE LA BARRA ESPACIAL PARA ACTIVAR EL ""FRENO DE MANO"". LLEVA EL BUQUE A UNA PARADA TOTALMENTE TOTAL, INDEPENDIENTEMENTE DE LA VELOCIDAD. MUY ÚTIL, PERO CONSOME MUCHO COMBUSTIBLE.","SI VOUS PERDREZ LE CONTRÔLE, UTILISEZ LA BARRE ESPACE POUR ACTIVER LE «FREIN À MAIN». IL ENTRAÎNE LE NAVIRE À UNE HALT TOTALE TOTALE, INDÉPENDAMMENT DE LA VITESSE. TRÈS UTILE, MAIS CONSUME BEAUCOUP DE CARBURANT.","WENN SIE DIE STEUERUNG VERLIEREN, VERWENDEN SIE DEN RAUM BAR ZUR AKTIVIERUNG DER ""HANDBREMSE"". ES BRINGT DEN SCHIFF ZU EINER GANZSTÄNDIGEN HALBE, VORBEHALTLICH DER GESCHWINDIGKEIT. SEHR NÜTZLICH, ABER KOMMT VIEL KRAFTSTOFF.","SE SI PERDE IL CONTROLLO, USARE LA BARRA SPAZIATRICE PER ATTIVARE LA \ ""FRENO A MANO "". ESSA PORTA LA NAVE PER UN ARRESTO QUASI TOTALE, INDIPENDENTEMENTE DALLA VELOCITÀ. MOLTO UTILE, MA CONSUMA UN SACCO DI CARBURANTE."
tr19,USE THE FUEL WISELY. IF YOU DEPLETE IT THE SHIP WILL WANDER AWAY. EVERYONE ON BOARD WILL DIE WITHOUT OXYGEN BEFORE ANY OTHER RESCUE TEAM ARRIVES. BE ADVISED.,USE O COMBUSTÍVEL SABIOSMENTE. SE VOCÊ O DEPLIQUE A NAVE VARIARÁ FORA. TODOS A BORDO MORRERÃO SEM OXIGÊNIO ANTES QUE QUALQUER OUTRA EQUIPE DE SALVAMENTO CHEGA. ESTEJA AVISADO.,"USE EL COMBUSTIBLE SABIAMENTE. SI USTED LO AGOTA, EL BARCO SE ALEJARÁ. TODOS A BORDO MORIRÁN SIN OXÍGENO ANTES QUE ALGÚN EQUIPO DE RESCATE LLEGUE. SER ACONSEJADO.","UTILISEZ LE COMBUSTIBLE SAGEMENT. SI VOUS L'AGITTEZ, LE BATEAU VOUS DÉMARCERA. TOUS LES PERSONNES À BORD MORRENT SANS OXYGÈNE AVANT QUE TOUTE AUTRE ÉQUIPE DE SAUVETAGE ARRIVE. SOYEZ AVISÉ.",BENUTZEN SIE DEN KRAFTSTOFF SELBST. WENN SIE DEPLETE DAS SCHIFF WAND WANDER WEG. JEDER VOR JEDEM ANDEREN RETTUNGSTEAM WIRD ALLE STIMMUNG OHNE SAUERSTOFF. BERATEN WERDEN.,UTILIZZARE IL CARBURANTE SAGGIAMENTE. SE SI RIDUCONO IT LA NAVE ALLONTANARSI. TUTTI A BORDO SI MORIRE SENZA OSSIGENO PRIMA DI OGNI ALTRA RESCUE TEAM ARRIVA. ESSERE INFORMATI.
tr110,NOW TAKE THE CONTROLS AND NAVIGATE IN THE DIRECTION OF THE RED LINE.,AGORA TOME OS CONTROLOS E NAVEGUE NA DIRECÇÃO DA LINHA VERMELHA.,AHORA TOMA LOS CONTROLES Y NAVEGUE EN LA DIRECCIÓN DE LA LÍNEA ROJA.,MAINTENANT PRENEZ LES COMMANDES ET LA NAVIGATION DANS LA DIRECTION DE LA LIGNE ROUGE.,JETZT KONTROLLIEREN UND NAVIGIEREN SIE IN DER RICHTUNG DER ROTEN LINIE.,ORA PRENDETE IL CONTROLLI E NAVIGARE NELLA DIREZIONE DELLA LINEA RED.
tr111,THIS IS THE MEDICAL STATION. CONSIDER IT OUR HEADQUARTERS. IT'S LOCATION IS INDICATED BY THE RED LINE ON THE SCREEN.,ESTA É A ESTAÇÃO MÉDICA. CONSIDERE NOSSA SEDE. A LOCALIZAÇÃO É INDICADA PELA LINHA VERMELHA NA TELA.,ESTA ES LA ESTACIÓN MÉDICA. CONSIDERE QUE NUESTRA SEDE. SU LUGAR ES INDICADO POR LA LÍNEA ROJA EN LA PANTALLA.,C'EST LA STATION MÉDICALE. CONSIDÉRER NOTRE SIEGE. L'EMPLACEMENT EST INDIQUE PAR LA LIGNE ROUGE SUR L'ECRAN.,DIES IST DIE MEDIZINISCHE STATION. ERLEBEN SIE IHNEN UNSERE HAUPTZENTREN. IT'S LOCATION IST ANGEZEIGT VON DER ROTEN LINIE AUF DEM BILDSCHIRM.,QUESTO È IL MEDICO STAZIONE. RITENIAMO NOSTRO QUARTIER GENERALE. LA SUA POSIZIONE È INDICATA DALLA LINEA ROSSO SULLO SCHERMO.
tr112,IT STORES THE RESCUE SHIP AND DEPLOYS IT AT EVERY MISSION'S START.,ELA ARMAZENA A NAVE DE RESGATE E A LIBERA EM CADA COMEÇO DA MISSÃO.,TI ALMACENE EL BARCO DE RESCATE Y LO DESPLAZA EN EL COMIENZO DE CADA MISIÓN.,IL STORE LE NAVIRE DE SAUVETAGE ET LE DÉPLOIE À TOUT MISSION DE DÉMARRER.,ES STORES DIE RETTUNGS-SCHIFFE UND DEPLOYS ES AN JEDEM MISSIONS-START.,MEMORIZZA I NAVE DI SALVATAGGIO E DISPIEGA IT AD OGNI MISSIONE DI START.
tr113,YOUR MISSION IS TO BRING RESCUED HUMANS TO IT SO THEY CAN RECEIVE CORRECT TREATMENT AND BE SENT HOME.,A SUA MISSÃO É TRAZER OS SERES HUMANOS RESGATADOS PARA QUE POSSAM RECEBER TRATAMENTO CORRECTO E SER ENVIADOS PARA CASA.,SU MISIÓN ES TRAER HUMANOS RESCATADOS PARA QUE PUEDAN RECIBIR TRATAMIENTO CORRECTO Y SE ENVÍEN A CASA.,VOTRE MISSION EST D'ENVOYER DES PERSONNES HUMAINES SAUVÉES POUR QU'ILS PEUVENT RECEVOIR UN TRAITEMENT CORRECT ET ÊTRE ENVOYÉS À LA MAISON.,"IHRE MISSION IST, BRINGT RÜCKGEWIESENE MENSCHEN ZU IHNEN, SO KÖNNEN SIE KORREKTE BEHANDLUNG ERHALTEN UND ZUHAUSE ZURÜCKGEHEN.",LA VOSTRA MISSIONE È QUELLA DI PORTARE IN SALVO UOMO AD ESSO IN MODO CHE POSSANO RICEVERE TRATTAMENTO CORRETTO E ESSERE RIMANDATI A CASA.
tr114,THE MEDICAL STATION ALSO REFUELS YOUR SHIP AND RENEWS YOUR OXYGEN.,A ESTAÇÃO MÉDICA TAMBÉM REABASTECE SUA NAVE E RENOVA O SEU OXIGÊNIO.,LA ESTACIÓN MÉDICA TAMBIÉN REFUELE SU NAVE Y RENUEVA SU OXÍGENO.,LA STATION MÉDICALE REFOULE AUSSI VOTRE NAVIRE ET RENOUVELLE VOTRE OXYGÈNE.,DIE MEDIZINISCHE STATION ALSO ENTFERNT IHREN SCHIFF UND ERWEITERT IHREN OXYGEN.,MEDICO STAZIONE RIFORNISCE DI CARBURANTE ANCHE VOSTRA NAVE E RINNOVA IL OSSIGENO.
tr115,"THIS TRAINING IS COMPLETE. YOU WILL BE SENT BACK TO THE MAIN MENU. ""FREE FLIGHT"" AND ""RESCUE"" TRAININGS ARE RECOMMENDED.","ESTE TREINAMENTO ESTÁ COMPLETO. VOCÊ SERÁ ENVIADO PARA VOLTAR AO MENU PRINCIPAL. OS TREINAMENTOS \ ""VÔO LIVRE "" E \ ""RESGATE ""  SÃO RECOMENDADOS.","ESTE ENTRENAMIENTO ES COMPLETADO. USTED SERÁ ENVIADO DE NUEVO AL MENÚ PRINCIPAL. LA FORMACIÓN \ ""VUELO LIBRE "" Y \ ""RESCATE "" SE RECOMIENDAN.","CETTE FORMATION EST COMPLETE. VOUS SEREZ RETOURNÉ AU MENU PRINCIPAL. \ ""FREE FLIGHT "" ET \ ""RESCUE "" FORMATIONS SONT RECOMMANDES.","DIESE SCHULUNG IST ABGESCHLOSSEN. SIE SIND ZURÜCK ZUM HAUPTMENÜ. \ ""FREE FLIGHT "" UND ""RESCUE"" TRAININGS SIND EMPFOHLEN.","QUESTA FORMAZIONE È COMPLETA. SARETE RISPEDITO AL MENU PRINCIPALE. \ E \ ALLENAMENTI ""SALVATAGGIO "" ""VOLO LIBERO "" SONO RACCOMANDATI."
tr20,"WELCOME TO THE ""RESCUE"" TRAINING.","BEM-VINDO AO TREINAMENTO \ ""RESGATE "".","BIENVENIDOS A LA FORMACIÓN ""RESCUE "".","BIENVENUE DANS LA FORMATION ""RESCUE "".","HERZLICH WILLKOMMEN AUF DER ""RESCUE"" -TRAINING.","BENVENUTI AL \ FORMAZIONE ""SALVATAGGIO ""."
tr21,YOU WILL LEARN HOW TO BRING HUMANS FROM ESCAPE PODS AND TRANSFER THEM TO THE MEDICAL STATION.,VOCÊ APRENDERÁ COMO TRAZER HUMANOS DE CÁPSULAS DE FUGA E TRANSFERI-LOS PARA A ESTAÇÃO MÉDICA.,USTED APRENDERÁ CÓMO LLEVAR A LOS SERES HUMANOS DE LOS PESCADOS DE ESCAPE Y TRANSFERIRLES A LA ESTACIÓN MÉDICA.,VOUS APPRENDREZ À RÉDUIRE LES HUMAINS DES CHUTES D'ESCAPE ET LES TRANSFÉRER À LA STATION MÉDICALE.,"SIE WERDEN LERNEN, WIE MAN MENSCHEN AUS ESCAPE PODS UND TRANSFER SIE AN DIE MEDIZINISCHE STATION.",IMPARERAI COME PORTARE GLI ESSERI UMANI DA CAPSULE DI SALVATAGGIO PER TRASFERIRLI IN UN ALLA STAZIONE MEDICA.
tr22,"WE PUT A RANDOM ESCAPE POD WITH SIMULATED HUMANS ON BOARD. THE BLINKING LINES INDICATE IT'S DIRECTION, DISTANCE AND OXYGEN LEVEL.","NÓS COLOCAMOS UMA CÁPSULA DE FUGA ALEATÓRIA COM HUMANOS SIMULADOS A BORDO. AS LINHAS PISCANDO INDICAM A DIREÇÃO, DISTÂNCIA E NÍVEL DE OXIGÊNIO.","PONEMOS UN POD DE ESCAPE ALEATORIO CON HUMANOS SIMULADOS A BORDO. LAS LÍNEAS DE PINTURA INDICAN SU DIRECCIÓN, DISTANCIA Y NIVEL DE OXÍGENO.","NOUS AVONS MIS UN POD ÉVASION ALÉATOIRE AVEC SIMULATED HUMAINS À BORD. LES LIGNES CLIGNOTANTES INDIQUENT SA DIRECTION, DISTANCE ET NIVEAU D'OXYGÈNE.","WIR PUTEN EINE RANDOM ESCAPE POD MIT SIMULATED MENSCHEN AN BORD. DIE BLINKLINIEN INDIKIEREN DAS RICHTUNGS-, DISTANZ- UND OXYGEN-LEVEL.","ABBIAMO MESSO UNA CAPSULA DI SALVATAGGIO RANDOM CON GLI ESSERI UMANI SIMULATI A BORDO. LE LINEE LAMPEGGIANTI INDICANO LA SUA DIREZIONE, LA DISTANZA E IL LIVELLO DI OSSIGENO."
tr23,"AS YOU APPROACH THE ESCAPE POD, THE WHITE LINE GETS SHORTER, INDICATING THAT THE DISTANCE BETWEEN YOU AND THE POD IS DIMINISHING. THE OPPOSITE IS TRUE.""","CONFORME VOCÊ SE APROXIMA DA CÁPSULA DE FUGA, A LINHA BRANCA DIMINUI, INDICANDO QUE A DISTÂNCIA ENTRE VOCÊ E A CÁPSULA ESTÁ DIMINUINDO. DA MESMA FORMA OCORRE AO CONTRÁRIO.","A MEDIDA QUE SE ACERCAN A LA POD ESCAPE, LA LÍNEA BLANCA SE PONE MÁS TERSA, INDICANDO QUE LA DISTANCIA ENTRE USTED Y EL POD ES DIMINISHING. EL OPUESTO ES VERDAD.""","TANDIS QUE VOUS APPROCHEZ DU POD ESCAPE, LA LIGNE BLANCHE SE RASAGE, INDIQUANT QUE LA DISTANCE ENTRE VOUS ET LE POD EST DIMINUE. L'OPOSITIF EST VRAI.","WENN SIE DIE ESCAPE POD, DIE WEISSE LINIE BEKOMMT SHORTER, INDIZIERUNG, DASS DER ABSTAND ZWISCHEN IHNEN UND DER POD IST DIMITRIOS. DER GEGENSTAND IST WAHR. ""","MENTRE VI AVVICINATE AL CAPSULA DI SALVATAGGIO, LA LINEA BIANCA SI ACCORCIA, CHE INDICA CHE LA DISTANZA TRA VOI E IL BACCELLO È IN DIMINUZIONE. È VERO IL CONTRARIO. """
tr24,"THE LITTLE DOTS NEAR THE BLUE LINE INDICATE HOW MANY PEOPLE ARE INSIDE THE CAPSULE - IN THIS CASE, ","OS PEQUENOS PONTOS PERTO DA LINHA AZUL INDICAM QUANTAS PESSOAS ESTÃO DENTRO DA CAPSULA - NESTE CASO,","LOS PEQUEÑOS PUNTOS CERCA DE LA LÍNEA AZUL INDICAN CUANTAS PERSONAS ESTÁN EN LA CAPSULA - EN ESTE CASO,","LES PETITS POINTS PRÈS DE LA LIGNE BLEUE INDIQUENT COMBIEN DE PERSONNES SONT À L'INTÉRIEUR DE LA CAPSULE - DANS CE CAS,","DIE KLEINEN PUNKTE IN DER NAHE DER BLUE LINE ANZEIGEN, WIE VIELE LEUTE INNERHALB DER KAPSEL - IN DIESEM FALL,","I PUNTINI VICINO ALLA LINEA BLU INDICANO QUANTE PERSONE SONO ALL'INTERNO DELLA CAPSULA - IN QUESTO CASO,"
tr25,"THE BLUE LINE INDICATES THE CAPSULE'S OXYGEN LEVEL. IF IT REACHES ZERO, THE HUMANS INSIDE WILL DIE. AVOID IT BY RESCUING THEM FIRST.","A LINHA AZUL INDICA O NÍVEL DE OXIGÊNIO DA CÁPSULA. SE ALCANÇA ZERO, OS HUMANOS DENTRO MORRERÃO. EVITE-O SALVANDO-OS PRIMEIRO.","LA LÍNEA AZUL INDICA EL NIVEL DE OXÍGENO DE LA CAPSULA. SI LLEGA A CERO, LOS HUMANOS EN EL INTERIOR MORIRÁN. EVITARLO RESTABLECIENDOLOS.","LA LIGNE BLEUE INDIQUE LE NIVEAU D'OXYGÈNE DE LA CAPSULE. SI C'EST À ZÉRO, LES PERSONNES À L'INTÉRIEUR MORTERONT. ÉVITEZ-LES EN SAUVETANT LES PREMIERS.","DIE BLAUE LINIE ANGEGEBEN DIE KAPSEL'S OXYGEN LEVEL. WENN SIE NULL ERREICHT, STERBEN DIE MENSCHEN INNEN. VERMEIDEN SIE DURCH RETZUNG DIESES ERSTES.","LA LINEA BLU INDICA OSSIGENO IL LIVELLO DEL CAPSULA. SE RAGGIUNGE LO ZERO, GLI UMANI ALL'INTERNO MORIRANNO. EVITARLO SALVANDO LORO PER PRIMI."
tr26,"TO COMPLETE A RESCUE MISSION, YOU MUST BRING AT LEAST ONE HUMAN TO THE MEDICAL STATION.","PARA COMPLETAR UMA MISSÃO DE SALVAMENTO, VOCÊ DEVE TRAZER PELO MENOS UM SER HUMANO PARA A ESTAÇÃO MÉDICA.","PARA COMPLETAR UNA MISIÓN DE RESCATE, USTED DEBE TRAER AL MENOS UN SER HUMANO A LA ESTACIÓN MÉDICA.","POUR COMPLÉTER UNE MISSION DE SAUVETAGE, VOUS DEVEZ TRAITER AU MOINS UN HUMAIN À LA STATION MÉDICALE.","UM EINE RESCUE MISSION ZU VOLLENDEN, MÜSSEN SIE MINDESTENS EINE PERSON AN DIE MEDIZINISCHE STATION BRINGEN.","PER COMPLETARE UNA MISSIONE DI SALVATAGGIO, È NECESSARIO PORTARE ALMENO UN UOMO ALLA STAZIONE MEDICA."
tr27,"NATURALLY, ONE SINGLE RESCUE IN A MISSION IS A MISERABLE PERFORMANCE. YOU ARE HERE TO RESCULE *ALL* OF THEM.","NATURALMENTE, UM ÚNICO SALVAMENTO EM UMA MISSÃO É UM PERFORMANCE MISERÁVEL. VOCÊ ESTÁ AQUI PARA SALVAR * TODOS * ELES.","NATURALMENTE, UN SOLO RESCATE EN UNA MISIÓN ES UNA PERFORMANCE MISERABLE. USTED ESTÁ AQUÍ PARA RESCATAR * TODOS * ELLOS.","NATURELLEMENT, UN SEUL RESCUE DANS UNE MISSION EST UNE PERFORMANCE MISERABLE. VOUS ÊTES ICI POUR RÉSERVER * TOUT * D'ELLES.","NATÜRLICH, EINE EINZIGE RETTUNG IN EINER MISSION IST EINE MISCHBARE LEISTUNG. DU BIST HIER, UM ALLE * ALLE * RESCULIEREN.","NATURALMENTE, UNA SINGOLA SALVATAGGIO IN UNA MISSIONE È UNA PERFORMANCE MISERABILE. SIETE QUI PER RESCULE * TUTTI * DI LORO."
tr28,YOU WILL FAIL THE MISSION IF YOU LET ALL THE HUMANS DIE. THIS PERFORMANCE IS UNACCEPTABLE.,VOCÊ FALHA A MISSÃO SE DEIXAR TODOS OS HUMANOS MORREREM. ESTE DESEMPENHO É INACEITÁVEL.,USTED FALLA LA MISIÓN SI USTED DEJA QUE TODOS LOS HUMANOS MOREN. ESTE RENDIMIENTO ES INACEPTABLE.,VOUS ÉCHOUEREZ LA MISSION SI VOUS LAISSEZ TOUS LES HUMAINS MOURIR. CETTE PERFORMANCE EST INACCEPTABLE.,"DU WIRD DIE MISSION AUSFALLEN, WENN SIE ALLE MENSCHEN STERBEN. DIESE LEISTUNG IST UNZULÄSSIG.",SI FALLIRÀ MISSIONE SE SI LASCIA CHE TUTTI GLI UMANI MUOIONO. QUESTA PERFORMANCE È INACCETTABILE.
tr29,NOW TAKE THE CONTROLS AND REACH THE CAPSULE.,AGORA TOME OS CONTROLOS E ALCANCE A CÁPSULA.,AHORA TOMA LOS CONTROLES Y ALCANCE LA CÁPSULA.,PRENEZ MAINTENANT LES COMMANDES ET ATTEIGNEZ LA CAPSULE.,JETZT KONTROLLIEREN UND DIE KAPSEL ERREICHEN.,ORA PRENDETE IL CONTROLLI E RAGGIUNGERE LA CAPSULA.
tr210,THIS IS AN ESCAPE POD - OR ESCAPE CAPSULE. THE BLINKING SYMBOL AROUND IT INDICATES HOW MANY LIVING PEOPLE ARE INSIDE.,ESTA É UMA CÁPSULA DE FUGA. O SÍMBOLO A PISCAR EM TORNO DELA INDICA QUANTOS PESSOAS VIVAS ESTÃO DENTRO.,ESTO ES UNA ESCAPE POD - O ESCAPE CAPSULE. EL SÍMBOLO DE PINTURA ALREDEDOR INDICA CUÁNTAS PERSONAS VIVAS ESTÁN DENTRO.,C'EST UNE ÉCAPE POD - OU ESCAPE CAPSULE. LE SYMBOLE CLIGNOTANT AUTREMENT INDIQUE QU'IL Y A DES PERSONNES VIVANTES.,"DIES IST EIN ESCAPE POD - ODER ESCAPE CAPSULE. DAS BLINKENDE SYMBOL WIRD INDIKATIERT, WIE VIELE LEBENDE INNEN SIND.",QUESTO E 'UNA CAPSULA DI SALVATAGGIO - O LA FUGA CAPSULA. IL SIMBOLO INTERMITTENTE LUNGO INDICA COME LE PERSONE CHE VIVONO MOLTI SONO ALL'INTERNO.
tr211,"THE RESCUE SHIP IS EQUIPPED WITH A RESCUE HANGAR IN THE STERN (""REAR SIDE""). TO CAPTURE THE CAPSULE, YOU MUST MANEUVER THE SHIP SO THE CAPSULE GETS INSIDE THE HANGAR.","A NAVE DE RESGATE ESTÁ EQUIPADA COM UM HANGAR DE SALVAMENTO NA POPA (\ ""LADO TRASEIRO ""). PARA CAPTURAR A CÁPSULA, VOCÊ DEVE MANOBRAR A NAVE DE MODO QUE A CÁPSULA VÁ PARA  DENTRO DO HANGAR.","EL BARCO DE RESCATE ESTÁ EQUIPADO CON UN HANGAR DE RESCATE EN LA POPA (""LADO TRASERO""). PARA CAPTURAR LA CAPSULA, MANIOBRADO LA NAVE PARA HACER LA CÁPSULA EN EL HANGAR.","LE BATEAU DE SAUVETAGE EST ÉQUIPÉ D'UN HANGAR DE SAUVETAGE DANS LE STERN («CÔTÉ ARRIÈRE»). POUR CAPTURER LA CAPSULE, VOUS DEVEZ MANŒUVRER LE NAVIRE DE SORTE QUE LA CAPSULE SE TROUVE À L'INTÉRIEUR DU HANGAR.","DAS RETTUNGS-SCHIFF IST MIT EINEM RETTUNGS-HANGAR IM STERN (""HINTEN SEITE"") AUSGESTATTET. UM DIE KAPSEL ZU FANGEN, MÜSSEN SIE DEN SCHIFF MANUVERTIEREN, DASS DIE KAPSEL INNERHALB DES HANGARS ERHÄLT.","LA NAVE SALVATAGGIO È DOTATO DI UN HANGAR SALVATAGGIO A POPPA (\ ""LATO POSTERIORE ""). PER CATTURARE LA CAPSULA, DOVETE MANOVRARE LA NAVE QUINDI LA CAPSULA PENETRA ALL'INTERNO DEL CAPANNONE."
tr212,"WHEN AN ESCAPE POD ENTERS THE RESCUE HANGAR, IT CLOSES AND YOUR ASSISTANT BRINGS THE HUMANS ABOARD. THEN THE EMPTY POD IS EJECTED AUTOMATICALLY.","QUANDO UMA CÁPSULA DE FUGA ENTRA NO HANGAR DE SALVAMENTO, ESTE FECHA E SEU ASSISTENTE TRAZ OS SERES HUMANOS A BORDO. ENTÃO A CÁPSULA VAZIA É EJETADA AUTOMATICAMENTE.","CUANDO UN POD DE ESCAPE ENTRA EN EL HANGAR DE RESCATE, SE CIERRA Y SU ASISTENTE TRAE LOS HUMANOS A BORDO. ENTONCES EL POD VACÍO ES EJECTADO AUTOMÁTICAMENTE.","QUAND UN POD ESCAPE ENTRE DANS LE HANGAR DE SAUVETAGE, IL SE FERME ET VOTRE ASSISTANT APPORTE LES HUMAINS À BORD. PUIS LE POD VIDE EST ÉJECTÉ AUTOMATIQUEMENT.","WENN EINE ESCAPE POD DIE RETTUNG HANGAR ENTERT, SCHLIESST ES UND IHR ASSISTENT BRINGT DIE MENSCHEN. DANN WIRD DER LEERE POD AUTOMATISCH AUSGESETZT.","QUANDO UNA CAPSULA DI SALVATAGGIO ENTRA L'HANGAR DI RIPRISTINO, SI CHIUDE E IL TUO ASSISTENTE PORTA GLI UMANI A BORDO. ALLORA IL VUOTA CÁPSULA VIENE ESPULSO AUTOMATICAMENTE."
tr213,"USE THE BUTTONS ""+"", ""-"", ""PAGEG UP"" OR ""PAGE DOWN"" TO CONTROL THE GAME ZOOM. USE IT TO HELP YOU FIND AND CAPTURE THE ESCAPE PODS.","USE OS BOTÕES \ ""+ "", \ ""- "", \ ""PAGEG UP "" OU \ ""PAGE DOWN "" PARA CONTROLAR O ZOOM DO JOGO. USE-OS PARA AJUDÁ-LO A ENCONTRAR E A CAPTURAR AS CÁPSULAS DE FUGA.","UTILICE LOS BOTONES \ ""+ "", \ ""- "", \ ""PAGEG UP "" O \ ""PAGE DOWN "" PARA CONTROLAR EL ZOOM DEL JUEGO. UTILÍCELO PARA AYUDARLE A ENCONTRAR Y CAPTURAR LOS PODERES DE ESCAPE.","UTILISEZ LES BOUTONS \ ""+ "", \ ""- "", \ ""PAGEG UP "" OU \ ""PAGE DOWN "" POUR COMMANDER LE ZOOM DE JEU. UTILISEZ-LE POUR VOUS AIDER A TROUVER ET CAPTURER LES PODS D'ÉVASION.","VERWENDEN SIE DIE TASTEN ""+"", ""-"", ""PAGEG OBEN"" ODER ""PAGE DOWN"", UM DAS SPIEL ZOOM ZU KONTROLLIEREN. NUTZEN SIE ES ZU HELFEN SIE FINDEN UND FANGEN SIE DIE ESCAPE PODS.","UTILIZZARE I PULSANTI \ ""+ "", \ ""- "", \ ""PAGEG SU "" O \ ""PAGE DOWN "" PER CONTROLLARE LO ZOOM GIOCO. USALO PER AIUTARVI A TROVARE E CATTURARE LE CAPSULE DI SALVATAGGIO."
tr214,NOW REACH THE ESCAPE POD AND BRING IT TO THE RESCUE HANGAR.,AGORA ALCANCE A CÁPSULA DE ESCAPE E TRAGA-A AO HANGAR DE SALVAMENTO.,AHORA ALCANZA EL POD DE ESCAPE Y LLEVALO AL HANGAR DE RESCATE.,MAINTENANT AJOUTER LE POD DE L'ÉVASION ET L'APPORTER AU HANGAR DE SAUVETAGE.,JETZT ERREICHT DIE ESCAPE POD UND BRINGEN SIE ZU DEN RESCUE HANGAR.,ORA RAGGIUNGERE IL BACCELLO DI FUGA E DI PORTARLO AL HANGAR SOCCORSO.
tr215a,NOTICE THAT THE HUMANS ON BOARD ARE NOW ,NOTE QUE OS SERES HUMANOS A BORDO AGORA SÃO ,AVISO QUE LOS HUMANOS A BORDO SON AHORA,AVIS QUE LES PERSONNES À BORD SONT MAINTENANT,"HINWEIS, DASS DIE MENSCHEN AN BORD NUN SIND",SI NOTI CHE GLI ESSERI UMANI A BORDO SONO SOCIETÀ
tr215b,. THE OXYGEN WILL NOW DROP FASTER.,. O OXIGÊNIO VAI CAIR MAIS RÁPIDO.,. EL OXÍGENO AHORA CAERÁ MÁS RÁPIDO.,. L'OXYGÈNE JETERA PLUS RAPIDEMENT.,. DER SAUERSTOFF GIBT JETZT SCHNELLER.,. L'OSSIGENO ORA VERRANNO RILASCIATI PIÙ VELOCE.
tr216,"NOW BRING THE HUMANS BACK TO THE MEDICAL STATION. UNTIL THEN, THEY ARE STILL NOT CONSIDERED ""RESCUED"" PEOPLE.","TRAGA OS SERES HUMANOS PARA A ESTAÇÃO MÉDICA. ATÉ ENTÃO, SÃO AINDA NÃO CONSIDERADOS PESSOAS RESGATADAS.","AHORA TRAIGAN A LOS HUMANOS DE NUEVO A LA ESTACIÓN MÉDICA. HASTA ENTONCES, AÚN NO SE CONSIDERAN \ ""RESCUED "" PERSONAS.","MAINTENANT RENDRE LES HUMAINS DE RETOUR À LA STATION MÉDICALE. JUSQU'À CE MOMENT, ILS NE SONT PAS ENCORE CONSIDÉRÉS COMME ""SAUVÉS"".","JETZT BRINGEN DIE MENSCHLICHEN ZURÜCK ZUR MEDIZINISCHEN STATION. BIS ZUM DANN SIND SIE NOCH NICHT ""ERHÖHTE"" MENSCHEN.","ORA PORTARE GLI UMANI DI NUOVO ALLA STAZIONE MEDICA. FINO AD ALLORA, SONO ANCORA NON CONSIDERATO \ ""SALVATO "" LE PERSONE."
tr217,TRANSFER THE HUMANS TO THE MEDICAL STATION BY POSITIONING THE RESCUE SHIP INSIDE THE STATION'S CENTER AND DECREASE THE SPEED TO UNDER 15.,TRANSFIRA OS SERES HUMANOS PARA A ESTAÇÃO MÉDICA POR POSICIONAR A NAVE DE RESGATE DENTRO DO CENTRO DA ESTAÇÃO E DIMINUIR A VELOCIDADE A MENOS DE 15.,TRANSFERE LOS SERES HUMANOS A LA ESTACIÓN MÉDICA POSICIONANDO EL BUQUE DE RESCATE DENTRO DEL CENTRO DE LA ESTACIÓN Y DISMINUYE LA VELOCIDAD A MENORES DE 15 AÑOS.,TRANSFEREZ LES PERSONNES À LA STATION MÉDICALE EN POSITIONNANT LE NAVIRE DE SAUVETAGE À L'INTÉRIEUR DU CENTRE DE LA STATION ET RÉDUISEZ LA VITESSE À MOINS DE 15 ANS.,"ÜBERTRAGEN SIE DIE MENSCHEN IN DER MEDIZINISCHEN STATION, WENN DAS RETTUNGS SCHIFF IN DEM STATIONSZENTRUM POSITIONIERT UND DIE GESCHWINDIGKEIT AUF UNTER 15.",TRASFERIRE IL UMANI ALLA STAZIONE MEDICA POSIZIONANDO LA NAVE DI SALVATAGGIO ALL'INTERNO DELLA STAZIONE DEL CENTRO E DIMINUIRE LA VELOCITÀ A UNDER 15.
tr218,YOU COMPLETED YOUR FIRST RESCUE WITH SUCCESS. LET'S REPEAT IT.,VOCÊ COMPLETOU SEU PRIMEIRO SALVAMENTO COM SUCESSO. VAMOS REPETI-LO.,COMPLETÓ SU PRIMER RESCATE CON ÉXITO. VAMOS A REPETIRLO.,VOUS AVEZ TERMINE VOTRE PREMIER RESCUE AVEC SUCCES. REPETONS-NOUS.,SIE ERFOLGT IHRE ERSTE RETTUNG MIT ERFOLG. LET'S WIEDERHOLEN SIE ES.,SI COMPLETATO IL PRIMO SOCCORSO CON SUCCESSO. LET'S RIPETERLO.
tr219,"THIS TRAINING IS COMPLETE. ""FREE FLIGHT"" AND REPEATING THIS TRAINING ARE RECOMMENDED UNTIL YOU FEEL READY TO START THE MISSIONS.","ESTE TREINAMENTO ESTÁ COMPLETO. \ ""VÔO LIVRE "" E REPETIR ESTE TREINAMENTO SÃO RECOMENDADOS ATÉ QUE VOCÊ ESTEJA PRONTO PARA COMEÇAR AS MISSÕES.","ESTE ENTRENAMIENTO ES COMPLETO. \ ""VUELO LIBRE "" Y REPETIR ESTE ENTRENAMIENTO SE RECOMIENDA HASTA QUE USTED SE SIENTE LISTO PARA COMENZAR LAS MISIONES.","CETTE FORMATION EST COMPLETE. \ ""LE VOL LIBRE "" ET RÉPÉTER CETTE FORMATION SONT RECOMMANDES JUSQU'À CE QUE VOUS ÊTES PRÊT POUR COMMENCER LES MISSIONS.","DIESE SCHULUNG IST ABGESCHLOSSEN. \ ""FREE FLIGHT "" UND WIEDERHOLUNG DIESES TRAININGS EMPFOHLEN, BIS ZU DEN FÜHLEN, BEREIT ZU STARTEN DIE MISSIONEN.","QUESTA FORMAZIONE È COMPLETA. \ ""FREE VOLO "" E RIPETENDO TALE FORMAZIONE SONO RACCOMANDATO FINO A QUANDO TI SENTI PRONTO PER AVVIARE LE MISSIONI."
tr30,WELCOME TO THE 'FREE FLIGHT' TRAINING,"BEM-VINDO AO TREINAMENTO DE ""VÔO LIVRE""","BIENVENIDOS A LA CAPACITACIÓN DE ""VUELO LIBRE""",BIENVENUE DANS LA FORMATION 'FREE FLIGHT',"HERZLICH WILLKOMMEN IM ""FREE FLIGHT"" TRAINING",BENVENUTI ALLA FORMAZIONE DEL 'VOLO LIBERO'
tr31,FLY AT WILL AND GET USED TO THE SHIP'S CONTROLS. BE CAREFUL WITH FUEL AND OXYGEN.,VOE À VONTADE E SE ACOSTUME COM OS CONTROLES DA NAVE. CUIDADO COM O COMBUSTÍVEL E O OXIGÊNIO.,VUELA A LA VOLUNTAD Y ACOSTUMBRARSE A LOS CONTROLES DE LA NAVE. TENGA CUIDADO CON EL COMBUSTIBLE Y EL OXÍGENO.,VOLER À VOLONTÉ ET HABITUEZ-VOUS AUX COMMANDES DU NAVIRE. ATTENTION AUX CARBURANTS ET À L'OXYGÈNE.,FLIEGEN SIE AUF DEM SCHIFF'S CONTROLS. ACHTUNG MIT KRAFTSTOFF UND OXYGEN.,VOLARE A VOLONTÀ E ABITUARSI A CONTROLLI DELLA NAVE. FATE ATTENZIONE CON COMBUSTIBILE E OSSIGENO.
tr32,REMEMBER YOU CAN REFUEL AND RESTORE THE OXYGEN LEVEL AT THE MEDICAL STATION.,LEMBRE-SE QUE VOCÊ PODE REABASTECER E RESTAURAR O NÍVEL DE OXIGÊNIO NA ESTAÇÃO MÉDICA.,RECUERDE QUE PUEDE REFUERZAR Y RESTAURAR EL NIVEL DE OXÍGENO EN LA ESTACIÓN MÉDICA.,RAPPELEZ-VOUS QUE VOUS POUVEZ REFOUER ET RESTAURER LE NIVEAU D'OXYGÈNE À LA STATION MÉDICALE.,"ERINNERN SIE IHNEN, DASS SIE AUF DEM MEDIZINISCHEN STATIONSGERÄT DIE STOSSFÄHIGKEIT ENTSTEHEN UND WIEDERHERSTELLEN KÖNNEN.",RICORDA CHE PUOI RIFORNIMENTO E RIPRISTINARE IL LIVELLO OSSIGENO PRESSO IL MEDICAL STATION.
tr33,"TO LEAVE TO THE MAIN MENU, PRESS THE PAUSE BUTTON ANYTIME YOU WANT.","PARA SAIR AO MENU PRINCIPAL, PRESSIONE O BOTÃO DE PAUSA QUALQUER MOMENTO QUE VOCÊ QUER.","PARA DEJAR AL MENÚ PRINCIPAL, PULSE EL BOTÓN DE PAUSA CUALQUIER MOMENTO QUE QUIERA.","POUR QUITTER LE MENU PRINCIPAL, APPUYEZ SUR LE BOUTON DE PAUSE TOUT TEMPS QUE VOUS SOUHAITEZ.","VERLASSEN SIE DAS HAUPTMENÜ, DRÜCKEN SIE DIE PAUSE-TASTE, DIE SIE WOLLEN.","PER PARTIRE ALLA MENU PRINCIPALE, PREMERE IN QUALSIASI MOMENTO TASTO PAUSA SI DESIDERA."
tr40,CAPTURE THE SIMULATED CAPSULE AND BRING IT BACK AS SOON AS POSSIBLE.,CAPTURE A CÁPSULA SIMULADA E A TRAGA DE VOLTA O MAIS RÁPIDO POSSÍVEL.,CAPTURAR LA CAPSULA SIMULADA Y TRAERLA DE NUEVO LO MÁS RÁPIDO POSIBLE.,CAPTUREZ LA CAPSULE SIMULÉE ET RETOURNEZ AUSSI RAPIDEMENT QUE POSSIBLE.,ERFASSEN SIE DIE SIMULATED CAPSULE UND BRINGEN SIE ES SO SCHNELL WIE MÖGLICH.,CATTURARE SIMULATO CAPSULA E RIPORTARLO IL PIÙ VELOCEMENTE POSSIBILE.
tr41,THE TIME TAKEN WILL BE NOTED.,O TEMPO LEVADO APARECERÁ AO LADO DA NAVE.,EL TIEMPO TOMADO SERÁ MOSTRADO AL LADO DEL BUQUE.,LE TEMPS PRÉVU SERA INDIQUÉ AU BÂTIMENT DU BATEAU.,"DIE ZEIT, DIE NACH DEM SCHIFF GEZEIGT WIRD.",IL TEMPO NECESSARIO VERRÀ MOSTRATO ACCANTO LA NAVE.
tr42,REPEAT THE PROCESS AND CHECK THE PROGRESS OF YOUR TIME. YOU CAN LEAVE AT ANY MOMENT BY PRESSING THE PAUSE BUTTON.,REPITA O PROCESSO E VERIFIQUE A EVOLUÇÃO DO SEU TEMPO. VOCÊ PODE SAIR A QUALQUER MOMENTO APERTANDO O BOTÃO DE PAUSE.,REPETIR EL PROCESO Y COMPROBAR EL PROGRESO DE SU TIEMPO. PUEDE DEJAR EN CUALQUIER MOMENTO PRESIONANDO EL BOTÓN DE PAUSA.,RÉPÉTEZ LE PROCESSUS ET VÉRIFIEZ LE PROGRÈS DE VOTRE TEMPS. VOUS POUVEZ QUITTER À TOUT MOMENT EN APPUYANT SUR LE BOUTON DE PAUSE.,WIEDERHOLEN SIE DEN PROZESS UND ÜBERPRÜFEN SIE DEN FORTSCHRITT IHRER ZEIT. DURCH DRÜCKEN SIE DIE PAUSE-TASTE.,RIPETERE IL PROCESSO E CONTROLLARE L'AVANZAMENTO DEL VOSTRO TEMPO. PUOI LASCIARE IN QUALSIASI MOMENTO PREMENDO IL TASTO PAUSA.
tr43,"TIP: YOU CAN SAVE TIME BY TURNING THE SHIP'S HANGAR IN THE DIRECTION OF THE CAPSULE ALONG THE WAY, BEFORE YOU REACH IT.",DICA: VIRE O HANGAR DA NAVE NA DIREÇÃO DA CÁPSULA DURANTE A APROXIMAÇÃO PARA POUPAR TEMPO.,"SUGERENCIA: USTED PUEDE AHORRAR EL TIEMPO HACIENDO HANGAR DEL BUQUE EN LA DIRECCIÓN DE LA CAPSULA DURANTE EL CAMINO, ANTES DE QUE LO ALCANZCA.","CONSEIL: VOUS POUVEZ ÉCONOMISER LE TEMPS EN TOURNANT LE HANGAR DU BATEAU DANS LA DIRECTION DE LA CAPSULE PENDANT LA VOIE, AVANT DE L'ATTEINDRE.","TIPP: SIE KÖNNEN DIE ZEIT DURCH DREHEN DES HÄNGERS DES SCHIFFS IN DER RICHTUNG DER KAPSEL WÄHREND DES WEGS SPRICHTEN, BEVOR SIE ERREICHEN.","SUGGERIMENTO: È POSSIBILE RISPARMIARE TEMPO RUOTANDO HANGAR DELLA NAVE NELLA DIREZIONE DELLA CAPSULA DURANTE IL PERCORSO, PRIMA DI RAGGIUNGERLA."
fg0,"FOLLOW THE WHITE LINE TO FIND A CAPSULE. BLUE LINE INDICATES IT\'S OXYGEN. WHITE DOTS, THE AMOUNT OF PEOPLE INSIDE. ","SIGA A LINHA BRANCA PARA ENCONTRAR UMA CÁPSULA. A LINHA AZUL INDICA O OXIGÊNIO. PONTOS BRANCOS, A QUANTIDADE DE PESSOAS DENTRO DA CÁPSULA.","SIGA LA LÍNEA BLANCA PARA ENCONTRAR UNA CAPSULA. LA LÍNEA AZUL INDICA SU OXÍGENO. PUNTOS BLANCOS, LA CANTIDAD DE PERSONAS DENTRO.","SUIVEZ LA LIGNE BLANCHE POUR TROUVER UNE CAPSULE. LA LIGNE BLEUE INDIQUE SON OXYGÈNE. WHITE DOTS, LE MONTANT DES PERSONNES À L'INTÉRIEUR.","FOLGEN SIE DIE WEISSE LINIE, UM EINEN KAPSEL ZU FINDEN. BLAUE LINIE ANZEIGE ES \ 'S OXYGEN. WEISSE PUNKTE, DER BETRAG DER LEUTE INNEN.","SEGUIRE LA LINEA BIANCO PER TROVARE UNA CAPSULA. LINEA BLU INDICA IT OSSIGENO \ S '. I PUNTINI BIANCHI, LA QUANTITÀ DI PERSONE ALL'INTERNO."
fg1,MAKE THE CAPSULE ENTER THE HANGAR IN THE STERN,FAÇA A CÁPSULA ENTRAR NO HANGAR NA POPA,HAZ QUE LA CAPSULA ENTRA EN EL HANGAR EN LA POPA,FAIRE LA CAPSULE ENTRER LE HANGAR DANS LE STERN,MACHEN SIE DIE KAPSEL EINGEBEN SIE DEN HANGAR IM STERN,FARE LA CAPSULA INVIO L'HANGAR A POPPA
fg2,FOLLOW THE RED LINE TO THE MEDICAL STATION,SIGA A LINHA VERMELHA PARA A ESTAÇÃO MÉDICA,SIGA LA LÍNEA ROJA A LA ESTACIÓN MÉDICA,SUIVEZ LA LIGNE ROUGE À LA STATION MÉDICALE,FOLLOW DIE ROTE LINIE AUF DIE MEDIZINISCHE STATION,SEGUIRE LA LINEA ROSSA ALLA STAZIONE MEDICA
fg3,"ENTER THE CENTER OF THE STATION, KEEP SPEED UNDER 15. PEOPLE WILL BE SENT TO THE STATION. REPEAT THE PROCESS FOR EACH CAPSULE.","ENTRE NO CENTRO DA ESTAÇÃO, MANTENHA A VELOCIDADE ABAIXO DE 15. AS PESSOAS SERÃO TRANSFERIDAS PARA A ESTAÇÃO. REPETIR O PROCESSO PARA CADA CÁPSULA.","ENTRAR EN EL CENTRO DE LA ESTACIÓN, MANTENER VELOCIDAD MENOS DE 15. SE ENVIARÁ A LA ESTACIÓN. REPETIR EL PROCESO PARA CADA CAPSULA.","ENTREZ AU CENTRE DE LA STATION, MAINTENEZ LA VITESSE INFÉRIEURE A 15. LES PERSONNES SERONT ENVOYÉES À LA STATION. RÉPÉTER LE PROCESSUS POUR CHAQUE CAPSULE.","GEBEN SIE DAS ZENTRUM DER STATION, HALTEN SIE DREHZAHL UNTER 15. MENSCHEN WERDEN ZUM STATION. WIEDERHOLEN SIE DEN PROZESS FÜR JEDE KAPSEL.","ENTRARE NEL CENTRO DELLA STAZIONE, MANTENERE LA VELOCITÀ SOTTO I 15. LA GENTE SARÀ INVIATO ALLA STAZIONE. RIPETERE IL PROCESSO PER OGNI CAPSULA."
fg4,IN THE OUTER SPACE THE SHIP\'S MOVEMENTS WILL BE CONSERVED UNTIL RECEIVING AN INTERFERENCE; IT IS NOT NECESSARY TO KEEP THE PROPULSORS ACTIVATED ALL THE TIME.,NO ESPAÇO SIDERAL OS MOVIMENTOS DA NAVE SÃO CONSERVADOS ATÉ RECEBER INTERFERÊNCIA; NÃO É NECESSÁRIO MANTER OS PROPULSORES ATIVOS TODO O TEMPO.,EN EL ESPACIO EXTERIOR LOS MOVIMIENTOS DE LA NAVE SERAN CONSERVADOS HASTA RECIBIR UNA INTERFERENCIA; NO ES NECESARIO MANTENER LOS PROPULSORES ACTIVADOS TODO EL TIEMPO.,"DANS L'ESPACE EXTÉRIEUR, LES MOUVEMENTS DU NAVIRE SERONT CONSERVÉS JUSQU'A LA RÉCEPTION D'UNE INTERFÉRENCE; IL N'EST PAS NÉCESSAIRE DE GARDER LES PROPULSORES ACTIVÉS TOUT LE TEMPS.","IM AUSSENBEREICH WERDEN DIE SCHIFF-BEWEGUNGEN BIS ZUR ERHÖHUNG EINER INTERFERENZ GEWESEN; ES IST NICHT ERFORDERLICH, DIE PROPULSOREN ZU HALTEN, DIE ALLE ZEIT AKTIVIERT WURDEN.",NELLO SPAZIO ESTERNO NAVE \ S 'MOVIMENTI SARANNO CONSERVATI FINO A RICEVERE UNA INTERFERENZA; NON È NECESSARIO PER MANTENERE PROPULSORI ATTIVATI TUTTO IL TEMPO.
SPEED,SPEED,VELOCIDADE,VELOCIDAD,VITESSE,GESCHWINDIGKEIT,VELOCITÀ
SDP,"SLOW DOWN, PLEASE","MAIS DEVAGAR, POR FAVOR","MÁS DESPACIO, POR FAVOR","RALENTIR, S'IL VOUS PLAÎT",LANGSAMER BITTE,"RALLENTARE, PER FAVORE"
ROP,RESCUE ON PROGRESS,RESGATE EM ANDAMENTO,RESCATE EN EL PROGRESO,SAUVER SUR LES PROGRÈS,RETTUNG AUF FORTSCHRITT,SALVATAGGIO SUI PROGRESSI
FULL,CAPACITY IS FULL. PROCEED TO MEDICAL STATION!,CAPACIDADE CHEIA. PROCEDA PARA ESTAÇÃO MÉDICA!,LA CAPACIDAD ESTÁ LLENA. ¡PROCEDA A LA ESTACIÓN MÉDICA!,CAPACITÉ EST PLEINE. PASSEZ À LA STATION MÉDICALE!,KAPAZITÄT IST VOLL. WEITER ZUR STATION!,CAPIENZA È PIENO. PROCEDERE ALLA STAZIONE MEDICA!
EJ,EJECTING EMPTY CAPSULE,EJETANDO CÁPSULA VAZIA.,EXPULSANDO LA CÁPSULA VACÍA,ÉJECTION DE CAPSULE VIDE,AUSSTOSSEN LEERER KAPSEL,ESPULSIONE CAPSULA VUOTA
LS,LOSING YOUR SIGNAL! RETURN NOW!,PERDENDO O TEU SINAL! RETORNE IMEDIATAMENTE!,¡ESTAMOS PERDIENDO SU SEÑAL! VUELVE AHORA!,NOUS PERDONS VOTRE SIGNAL! REVENEZ MAINTENANT!,WIR VERLIEREN IHR SIGNAL! JETZT ZURÜCKKEHREN!,STIAMO PERDENDO IL SEGNALE! RIENTRO ORA!
LAUNCHING,LAUNCHING,LANÇANDO,LANZAMIENTO,LANCEMENT,STARTEN,LANCIO
txt_intro,0,1,2,3,4,5